USA, 2 Avenue Gabriel paris
Sri Lanka, 16 Rue Spontini 75016 Paris
Ecuador, 34 Avenue de Messine 75008 Paris
Azerbaijan, 78 avenue d'iéna 75016 paris
Japon, 7 Avenue Hoche 75008 Paris
Belgium, 9 Rue de Tilsitt 75017 Paris
Qatar, 1 Rue de Tilsitt 75008 Paris
Kazakhstan, 3 Rue de Tilsitt 75008 Paris
India, 1 Rue Miollis Paris
Nicaragua, 34 Avenue Bugeaud 75116 Paris
Pakistan, 18 Rue Lord Byron 75008 Paris
Burkino-Faso, 159 Boulevard Haussmann 75008 Paris
Vietnam, 61 Rue de Miromesnil 75008 Paris
Nigeria, 173 avenue victor hugo 75116 paris
Luxembourg, 33 avenue rapp 75007 paris
Mali, 89 rue du cherche midi 75006 paris
Wallonie, 274 boulevard saint germain Paris
Cote D'ivoire, 102 avenue raymond poincaré 75116 paris
