Barghout,11 Washington St Manhattan NY 
Zouky,77 Washington St Manhattan NY 
Kerry,107 Washington St Manhattan NY 
Jacob,73 West St Manhattan NY 
Ganim,53 Washington St Manhattan NY 
Kawam,41 Washington St Manhattan NY 
Saad,25 Washington St Manhattan NY 
Ghorayeb,102 Washington St Manhattan NY 
Hatem,94 Washington St Manhattan NY 
Georgi,26 Washington St Manhattan NY 
Jawdy,75 Washington St Manhattan NY 
Mubarak,71 Washington St Manhattan NY 
Sharbel,25 Rector St Manhattan NY 
Bertun,16 Morris St Manhattan NY
Nassor,11.5 Morris St Manhattan NY
Kawam,60 Washington St Manhattan NY
Marrash,1 Carlisle St Manhattan NY
Ardbeely ,25 Washington St Manhattan NY
Sadaka,33 Washington St Manhattan NY
Nahas,19 Morris St Manhattan NY
Dibs,51 Washington St Manhattan NY
Halal,67 Washington St Manhattan NY
Roumain-Matar,29 Washington St Manhattan NY
Saba,90 Washington St Manhattan NY
Sahadi,93 Washington St Manhattan NY
Sahadi,36 Washington St Manhattan NY
Eassa,119.5 Washington St Manhattan NY
Zaloom,44 Washington St Manhattan NY
Koury,89 Washington St Manhattan NY
Maalouf,21 Washington St Manhattan NY